run,case,blend,score,baseline,delta
fare_day25_chronos_shape25,fold_A,1.0,0.8893150452489716,0.888124691240882,0.0011903540080896446
fare_day25_chronos_shape25,fold_B,1.0,0.9121875037631939,0.9104097057676077,0.0017777979955861944
fare_day25_chronos_shape25,fold_C,1.0,0.8747732768585106,0.8730979526258995,0.001675324232611075
fare_day25_chronos_shape25,fold_D,1.0,0.8660267583938067,0.8610050831071059,0.005021675286700833
fare_day25_chronos_shape25,rolling_2025-02-28,1.0,0.8744485592569069,0.8727924538415835,0.00165610541532335
fare_day25_chronos_shape25,rolling_2025-03-31,1.0,0.8541977796072312,0.8513536415161289,0.0028441380911022884
fare_day25_chronos_shape25,rolling_2025-04-30,1.0,0.8669546904222956,0.8626804623672779,0.004274228055017648
fare_day25_chronos_shape25,rolling_2025-05-31,1.0,0.8016496460414152,0.7911183225483476,0.010531323493067624
fare_day25_chronos_shape25,rolling_2025-06-30,1.0,0.8148512348942342,0.800605970044297,0.014245264849937156
fare_day25_chronos_shape25,rolling_2025-07-31,1.0,0.8650673059520363,0.8643940780258119,0.0006732279262243734
fare_day25_chronos_shape25,rolling_2025-08-31,1.0,0.8890926677832811,0.8879026576104343,0.0011900101728468115
fare_day25_chronos_shape25,rolling_2025-09-30,1.0,0.9121875037631939,0.9104097057676077,0.0017777979955861944
