run,case,blend,score,baseline,delta,seconds
chronos2_ticket_target_components,fold_A,0.25,0.8908751646494093,0.888124691240882,0.0027504734085272986,3.64
chronos2_ticket_target_components,fold_A,0.5,0.8906556374233252,0.888124691240882,0.0025309461824432056,3.64
chronos2_ticket_target_components,fold_A,1.0,0.8806852938841899,0.888124691240882,-0.007439397356692079,3.64
chronos2_ticket_target_components,fold_B,0.25,0.9110969214889308,0.9104097057676077,0.0006872157213231311,4.16
chronos2_ticket_target_components,fold_B,0.5,0.9114788025469062,0.9104097057676077,0.0010690967792984507,4.16
chronos2_ticket_target_components,fold_B,1.0,0.9114269100239112,0.9104097057676077,0.0010172042563034722,4.16
chronos2_ticket_target_components,fold_C,0.25,0.8748569274487084,0.8730979526258995,0.0017589748228088453,1.83
chronos2_ticket_target_components,fold_C,0.5,0.8763082779923357,0.8730979526258995,0.003210325366436173,1.83
chronos2_ticket_target_components,fold_C,1.0,0.8783147589672295,0.8730979526258995,0.005216806341330038,1.83
chronos2_ticket_target_components,fold_D,0.25,0.8549169427533334,0.8610050831071059,-0.006088140353772475,2.5
chronos2_ticket_target_components,fold_D,0.5,0.8393590416306903,0.8610050831071059,-0.02164604147641558,2.5
chronos2_ticket_target_components,fold_D,1.0,0.7936798462185948,0.8610050831071059,-0.06732523688851111,2.5
chronos2_ticket_target_components,rolling_2025-02-28,0.25,0.8736840854776982,0.8727924538415835,0.0008916316361146093,2.0
chronos2_ticket_target_components,rolling_2025-02-28,0.5,0.8742324678291196,0.8727924538415835,0.0014400139875360152,2.0
chronos2_ticket_target_components,rolling_2025-02-28,1.0,0.8744228955228788,0.8727924538415835,0.001630441681295225,2.0
chronos2_ticket_target_components,rolling_2025-03-31,0.25,0.8524632970304581,0.8513536415161289,0.0011096555143291775,2.05
chronos2_ticket_target_components,rolling_2025-03-31,0.5,0.8519427565131049,0.8513536415161289,0.0005891149969760034,2.05
chronos2_ticket_target_components,rolling_2025-03-31,1.0,0.8469122498299917,0.8513536415161289,-0.004441391686137219,2.05
chronos2_ticket_target_components,rolling_2025-04-30,0.25,0.8648384706569511,0.8626804623672779,0.0021580082896731634,2.41
chronos2_ticket_target_components,rolling_2025-04-30,0.5,0.8614405092686817,0.8626804623672779,-0.0012399530985962581,2.41
chronos2_ticket_target_components,rolling_2025-04-30,1.0,0.8462242276202228,0.8626804623672779,-0.016456234747055154,2.41
chronos2_ticket_target_components,rolling_2025-05-31,0.25,0.7984397159639681,0.7911183225483476,0.007321393415620547,2.69
chronos2_ticket_target_components,rolling_2025-05-31,0.5,0.8033761706274072,0.7911183225483476,0.012257848079059608,2.69
chronos2_ticket_target_components,rolling_2025-05-31,1.0,0.8047956100415433,0.7911183225483476,0.013677287493195744,2.69
chronos2_ticket_target_components,rolling_2025-06-30,0.25,0.8105335166975248,0.800605970044297,0.009927546653227814,3.17
chronos2_ticket_target_components,rolling_2025-06-30,0.5,0.8190312115167868,0.800605970044297,0.018425241472489806,3.17
chronos2_ticket_target_components,rolling_2025-06-30,1.0,0.8307059819778508,0.800605970044297,0.030100011933553827,3.17
chronos2_ticket_target_components,rolling_2025-07-31,0.25,0.8624219006889198,0.8643940780258119,-0.0019721773368921447,3.26
chronos2_ticket_target_components,rolling_2025-07-31,0.5,0.8526764514526782,0.8643940780258119,-0.011717626573133688,3.26
chronos2_ticket_target_components,rolling_2025-07-31,1.0,0.8225115202617531,0.8643940780258119,-0.0418825577640588,3.26
chronos2_ticket_target_components,rolling_2025-08-31,0.25,0.8906473565335253,0.8879026576104343,0.002744698923091038,3.78
chronos2_ticket_target_components,rolling_2025-08-31,0.5,0.8904242533187245,0.8879026576104343,0.0025215957082902474,3.78
chronos2_ticket_target_components,rolling_2025-08-31,1.0,0.880404416039945,0.8879026576104343,-0.0074982415704892835,3.78
chronos2_ticket_target_components,rolling_2025-09-30,0.25,0.9110969214889308,0.9104097057676077,0.0006872157213231311,3.52
chronos2_ticket_target_components,rolling_2025-09-30,0.5,0.9114788025469062,0.9104097057676077,0.0010690967792984507,3.52
chronos2_ticket_target_components,rolling_2025-09-30,1.0,0.9114269100239112,0.9104097057676077,0.0010172042563034722,3.52
