factor_code,option_code,season,scope,value,label,source,confirmed,is_measured,significant,n_days,ci_low,ci_high,condition,method
WEATHER,NORMAL,warm,апрель–сентябрь,1.0,Обычная погода,definition,False,False,False,,,,,нейтральное значение по определению
WEATHER,NORMAL,cold,октябрь–март,1.0,Обычная погода,definition,False,False,False,,,,,нейтральное значение по определению
WEATHER,RAIN_LIGHT,warm,апрель–сентябрь,0.9728,Небольшой дождь (0.5–3 мм за день),"measured: Open-Meteo archive (ERA5), data/external/weather_moscow_2025_hourly.csv",True,True,True,37.0,0.9629,0.9832,осадки 0.5–3 мм за 06–21 ч,"Open-Meteo ERA5 (архив, Москва 55.75, 37.62), осадки/снег/температура за 06–21 ч. Для каждого чистого дня маршрута (без праздников и аномалий): суточные посадки / медиана того же маршрута и дня недели в ±21 день; сумма по маршрутам в дни с условием ÷ сумма ожиданий, нормированная на такое же отношение в сухие дни того же сезона. 90% интервал — бутстреп по датам. История января–октября 2025 (src/factors.py::weather_factors)."
WEATHER,RAIN_LIGHT,cold,октябрь–март,0.9972,Небольшой дождь (0.5–3 мм за день),"measured: Open-Meteo archive (ERA5), data/external/weather_moscow_2025_hourly.csv",False,True,False,18.0,0.9881,1.006,осадки 0.5–3 мм за 06–21 ч,"Open-Meteo ERA5 (архив, Москва 55.75, 37.62), осадки/снег/температура за 06–21 ч. Для каждого чистого дня маршрута (без праздников и аномалий): суточные посадки / медиана того же маршрута и дня недели в ±21 день; сумма по маршрутам в дни с условием ÷ сумма ожиданий, нормированная на такое же отношение в сухие дни того же сезона. 90% интервал — бутстреп по датам. История января–октября 2025 (src/factors.py::weather_factors)."
WEATHER,RAIN,warm,апрель–сентябрь,0.9458,Дождь (3–10 мм),"measured: Open-Meteo archive (ERA5), data/external/weather_moscow_2025_hourly.csv",True,True,True,23.0,0.9355,0.9546,осадки 3–10 мм за 06–21 ч,"Open-Meteo ERA5 (архив, Москва 55.75, 37.62), осадки/снег/температура за 06–21 ч. Для каждого чистого дня маршрута (без праздников и аномалий): суточные посадки / медиана того же маршрута и дня недели в ±21 день; сумма по маршрутам в дни с условием ÷ сумма ожиданий, нормированная на такое же отношение в сухие дни того же сезона. 90% интервал — бутстреп по датам. История января–октября 2025 (src/factors.py::weather_factors)."
WEATHER,RAIN_HEAVY,warm,апрель–сентябрь,0.8974,Сильный дождь (≥ 10 мм),"measured: Open-Meteo archive (ERA5), data/external/weather_moscow_2025_hourly.csv",True,True,True,4.0,0.8712,0.9234,осадки ≥ 10 мм за 06–21 ч,"Open-Meteo ERA5 (архив, Москва 55.75, 37.62), осадки/снег/температура за 06–21 ч. Для каждого чистого дня маршрута (без праздников и аномалий): суточные посадки / медиана того же маршрута и дня недели в ±21 день; сумма по маршрутам в дни с условием ÷ сумма ожиданий, нормированная на такое же отношение в сухие дни того же сезона. 90% интервал — бутстреп по датам. История января–октября 2025 (src/factors.py::weather_factors)."
WEATHER,SNOW,warm,апрель–сентябрь,0.958,Снегопад (≥ 1 см),"measured: Open-Meteo archive (ERA5), data/external/weather_moscow_2025_hourly.csv",True,True,True,3.0,0.9395,0.9666,снегопад ≥ 1 см за 06–21 ч,"Open-Meteo ERA5 (архив, Москва 55.75, 37.62), осадки/снег/температура за 06–21 ч. Для каждого чистого дня маршрута (без праздников и аномалий): суточные посадки / медиана того же маршрута и дня недели в ±21 день; сумма по маршрутам в дни с условием ÷ сумма ожиданий, нормированная на такое же отношение в сухие дни того же сезона. 90% интервал — бутстреп по датам. История января–октября 2025 (src/factors.py::weather_factors)."
WEATHER,SNOW,cold,октябрь–март,0.9914,Снегопад (≥ 1 см),"measured: Open-Meteo archive (ERA5), data/external/weather_moscow_2025_hourly.csv",False,True,False,3.0,0.9784,1.0045,снегопад ≥ 1 см за 06–21 ч,"Open-Meteo ERA5 (архив, Москва 55.75, 37.62), осадки/снег/температура за 06–21 ч. Для каждого чистого дня маршрута (без праздников и аномалий): суточные посадки / медиана того же маршрута и дня недели в ±21 день; сумма по маршрутам в дни с условием ÷ сумма ожиданий, нормированная на такое же отношение в сухие дни того же сезона. 90% интервал — бутстреп по датам. История января–октября 2025 (src/factors.py::weather_factors)."
WEATHER,HEAT,warm,апрель–сентябрь,0.9642,Жара (≥ 25 °C днём),"measured: Open-Meteo archive (ERA5), data/external/weather_moscow_2025_hourly.csv",True,True,True,12.0,0.9497,0.9784,средняя температура 06–21 ч ≥ 25 °C,"Open-Meteo ERA5 (архив, Москва 55.75, 37.62), осадки/снег/температура за 06–21 ч. Для каждого чистого дня маршрута (без праздников и аномалий): суточные посадки / медиана того же маршрута и дня недели в ±21 день; сумма по маршрутам в дни с условием ÷ сумма ожиданий, нормированная на такое же отношение в сухие дни того же сезона. 90% интервал — бутстреп по датам. История января–октября 2025 (src/factors.py::weather_factors)."
EVENT,NONE,all,весь год,1.0,Нет события,definition,False,False,False,,,,,нейтральное значение по определению
EVENT,MEDIUM,all,весь год,1.05,Среднее событие у линии (ручной сценарий),manual_scenario,False,False,False,,,,,не измерено: данных о массовых событиях нет; ручная гипотеза для сценария
EVENT,MAJOR,all,весь год,1.15,Крупное событие у линии (ручной сценарий),manual_scenario,False,False,False,,,,,не измерено: данных о массовых событиях нет; ручная гипотеза для сценария
