date,sunrise_h,sunset_h,daylight_h
2025-01-01,8.983333333333333,16.116666666666667,7.135027777777777
2025-01-02,8.983333333333333,16.133333333333333,7.160116666666666
2025-01-03,8.966666666666667,16.166666666666668,7.187125
2025-01-04,8.966666666666667,16.183333333333334,7.216005555555555
2025-01-05,8.95,16.2,7.246722222222222
2025-01-06,8.95,16.233333333333334,7.279227777777778
2025-01-07,8.933333333333334,16.25,7.313522222222223
2025-01-08,8.933333333333334,16.283333333333335,7.349975
2025-01-09,8.916666666666666,16.3,7.388602777777778
2025-01-10,8.9,16.333333333333332,7.4293
2025-01-11,8.883333333333333,16.366666666666667,7.471966666666667
2025-01-12,8.866666666666667,16.383333333333333,7.516491666666666
2025-01-13,8.85,16.416666666666668,7.562780555555555
2025-01-14,8.833333333333334,16.45,7.610733333333333
2025-01-15,8.816666666666666,16.483333333333334,7.660244444444444
2025-01-16,8.8,16.516666666666666,7.711222222222222
2025-01-17,8.783333333333333,16.55,7.763572222222223
2025-01-18,8.75,16.566666666666666,7.8172
2025-01-19,8.733333333333333,16.6,7.872016666666666
2025-01-20,8.716666666666667,16.633333333333333,7.927930555555555
2025-01-21,8.683333333333334,16.666666666666668,7.984855555555556
2025-01-22,8.666666666666666,16.7,8.04271111111111
2025-01-23,8.633333333333333,16.733333333333334,8.101419444444444
2025-01-24,8.616666666666667,16.783333333333335,8.160891666666666
2025-01-25,8.583333333333334,16.816666666666666,8.22106111111111
2025-01-26,8.566666666666666,16.85,8.281847222222222
2025-01-27,8.533333333333333,16.883333333333333,8.343247222222223
2025-01-28,8.5,16.916666666666668,8.405877777777778
2025-01-29,8.466666666666667,16.95,8.469827777777779
2025-01-30,8.45,16.983333333333334,8.534986111111111
2025-01-31,8.416666666666666,17.016666666666666,8.601258333333334
2025-02-01,8.383333333333333,17.05,8.668544444444445
2025-02-02,8.35,17.083333333333332,8.73675
2025-02-03,8.316666666666666,17.133333333333333,8.805783333333332
2025-02-04,8.283333333333333,17.166666666666668,8.875558333333332
2025-02-05,8.25,17.2,8.945983333333334
2025-02-06,8.216666666666667,17.233333333333334,9.016980555555556
2025-02-07,8.183333333333334,17.266666666666666,9.088469444444446
2025-02-08,8.15,17.316666666666666,9.160372222222222
2025-02-09,8.116666666666667,17.35,9.23261388888889
2025-02-10,8.083333333333334,17.383333333333333,9.305119444444445
2025-02-11,8.033333333333333,17.416666666666668,9.377819444444444
2025-02-12,8.0,17.45,9.45065
2025-02-13,7.966666666666667,17.5,9.523538888888888
2025-02-14,7.933333333333334,17.533333333333335,9.596425
2025-02-15,7.9,17.566666666666666,9.669244444444445
2025-02-16,7.85,17.6,9.742002777777778
2025-02-17,7.816666666666666,17.633333333333333,9.815333333333333
2025-02-18,7.783333333333333,17.666666666666668,9.889355555555555
2025-02-19,7.733333333333333,17.7,9.963994444444443
2025-02-20,7.7,17.75,10.039180555555557
2025-02-21,7.666666666666667,17.783333333333335,10.114852777777777
2025-02-22,7.616666666666667,17.816666666666666,10.190938888888889
2025-02-23,7.583333333333333,17.85,10.267380555555555
2025-02-24,7.533333333333333,17.883333333333333,10.344116666666666
2025-02-25,7.5,17.916666666666668,10.421088888888889
2025-02-26,7.466666666666667,17.95,10.498236111111112
2025-02-27,7.416666666666667,18.0,10.575502777777777
2025-02-28,7.383333333333334,18.033333333333335,10.652833333333332
2025-03-01,7.333333333333333,18.066666666666666,10.730175
2025-03-02,7.283333333333333,18.1,10.807472222222223
2025-03-03,7.25,18.133333333333333,10.884669444444445
2025-03-04,7.2,18.166666666666668,10.961722222222221
2025-03-05,7.166666666666667,18.2,11.038575000000002
2025-03-06,7.116666666666666,18.233333333333334,11.115174999999999
2025-03-07,7.083333333333333,18.266666666666666,11.191474999999999
2025-03-08,7.033333333333333,18.3,11.26748611111111
2025-03-09,7.0,18.35,11.343774999999999
2025-03-10,6.95,18.383333333333333,11.420461111111113
2025-03-11,6.916666666666667,18.416666666666668,11.497494444444445
2025-03-12,6.866666666666667,18.45,11.574827777777777
2025-03-13,6.833333333333333,18.483333333333334,11.652416666666666
2025-03-14,6.783333333333333,18.516666666666666,11.730216666666667
2025-03-15,6.733333333333333,18.55,11.808177777777779
2025-03-16,6.7,18.583333333333332,11.88626111111111
2025-03-17,6.65,18.616666666666667,11.964416666666667
2025-03-18,6.6,18.65,12.042608333333334
2025-03-19,6.566666666666666,18.683333333333334,12.120783333333334
2025-03-20,6.516666666666667,18.716666666666665,12.1989
2025-03-21,6.483333333333333,18.75,12.276916666666667
2025-03-22,6.433333333333334,18.783333333333335,12.354786111111112
2025-03-23,6.383333333333334,18.816666666666666,12.43246388888889
2025-03-24,6.35,18.85,12.509908333333334
2025-03-25,6.3,18.883333333333333,12.587066666666667
2025-03-26,6.25,18.916666666666668,12.6639
2025-03-27,6.216666666666667,18.95,12.740355555555555
2025-03-28,6.166666666666667,18.983333333333334,12.816444444444443
2025-03-29,6.133333333333334,19.016666666666666,12.892691666666668
2025-03-30,6.083333333333333,19.05,12.969208333333334
2025-03-31,6.05,19.083333333333332,13.045958333333333
2025-04-01,6.0,19.116666666666667,13.122891666666668
2025-04-02,5.95,19.15,13.199975
2025-04-03,5.916666666666667,19.183333333333334,13.277161111111111
2025-04-04,5.866666666666667,19.216666666666665,13.35441111111111
2025-04-05,5.833333333333333,19.25,13.431680555555557
2025-04-06,5.783333333333333,19.283333333333335,13.508922222222223
2025-04-07,5.733333333333333,19.316666666666666,13.586094444444445
2025-04-08,5.7,19.35,13.663152777777777
2025-04-09,5.65,19.4,13.740047222222222
2025-04-10,5.616666666666667,19.433333333333334,13.816733333333334
2025-04-11,5.566666666666666,19.466666666666665,13.893158333333334
2025-04-12,5.516666666666667,19.5,13.969272222222221
2025-04-13,5.483333333333333,19.533333333333335,14.045024999999999
2025-04-14,5.433333333333334,19.566666666666666,14.120361111111112
2025-04-15,5.4,19.6,14.195224999999999
2025-04-16,5.366666666666666,19.633333333333333,14.26956388888889
2025-04-17,5.316666666666666,19.666666666666668,14.343369444444443
2025-04-18,5.283333333333333,19.7,14.417166666666667
2025-04-19,5.233333333333333,19.733333333333334,14.49106388888889
2025-04-20,5.2,19.766666666666666,14.56501388888889
2025-04-21,5.15,19.8,14.638969444444445
2025-04-22,5.116666666666666,19.833333333333332,14.712880555555556
2025-04-23,5.083333333333333,19.866666666666667,14.786697222222223
2025-04-24,5.033333333333333,19.9,14.860363888888887
2025-04-25,5.0,19.933333333333334,14.933833333333334
2025-04-26,4.95,19.966666666666665,15.007044444444444
2025-04-27,4.916666666666667,20.0,15.079941666666667
2025-04-28,4.883333333333333,20.033333333333335,15.152463888888889
2025-04-29,4.833333333333333,20.066666666666666,15.224549999999999
2025-04-30,4.8,20.1,15.29613611111111
2025-05-01,4.766666666666667,20.133333333333333,15.367155555555556
2025-05-02,4.733333333333333,20.166666666666668,15.43753888888889
2025-05-03,4.683333333333334,20.2,15.507219444444443
2025-05-04,4.65,20.233333333333334,15.57611111111111
2025-05-05,4.616666666666667,20.266666666666666,15.64415
2025-05-06,4.583333333333333,20.3,15.711252777777778
2025-05-07,4.55,20.333333333333332,15.777391666666666
2025-05-08,4.516666666666667,20.366666666666667,15.843066666666667
2025-05-09,4.483333333333333,20.4,15.908375000000001
2025-05-10,4.45,20.416666666666668,15.97326111111111
2025-05-11,4.416666666666667,20.45,16.037666666666667
2025-05-12,4.383333333333334,20.483333333333334,16.101519444444445
2025-05-13,4.35,20.516666666666666,16.16476388888889
2025-05-14,4.316666666666666,20.55,16.227327777777777
2025-05-15,4.283333333333333,20.583333333333332,16.289144444444442
2025-05-16,4.266666666666667,20.616666666666667,16.350147222222223
2025-05-17,4.233333333333333,20.65,16.41025
2025-05-18,4.2,20.666666666666668,16.46938888888889
2025-05-19,4.166666666666667,20.7,16.527480555555556
2025-05-20,4.15,20.733333333333334,16.584441666666667
2025-05-21,4.116666666666666,20.766666666666666,16.64018888888889
2025-05-22,4.1,20.783333333333335,16.694641666666666
2025-05-23,4.066666666666666,20.816666666666666,16.747708333333332
2025-05-24,4.05,20.85,16.799297222222222
2025-05-25,4.016666666666667,20.866666666666667,16.84932222222222
2025-05-26,4.0,20.9,16.89768611111111
2025-05-27,3.966666666666667,20.916666666666668,16.944330555555556
2025-05-28,3.95,20.95,16.989630555555554
2025-05-29,3.9333333333333336,20.966666666666665,17.033638888888888
2025-05-30,3.9166666666666665,21.0,17.076305555555553
2025-05-31,3.9,21.016666666666666,17.117572222222222
2025-06-01,3.8833333333333333,21.033333333333335,17.15737777777778
2025-06-02,3.8666666666666667,21.066666666666666,17.195669444444444
2025-06-03,3.85,21.083333333333332,17.232388888888888
2025-06-04,3.8333333333333335,21.1,17.267472222222224
2025-06-05,3.8166666666666664,21.116666666666667,17.300866666666668
2025-06-06,3.8,21.133333333333333,17.33251388888889
2025-06-07,3.783333333333333,21.15,17.36235277777778
2025-06-08,3.783333333333333,21.166666666666668,17.390325
2025-06-09,3.7666666666666666,21.183333333333334,17.416372222222222
2025-06-10,3.7666666666666666,21.2,17.440441666666665
2025-06-11,3.75,21.216666666666665,17.462475
2025-06-12,3.75,21.233333333333334,17.482416666666666
2025-06-13,3.7333333333333334,21.25,17.500216666666667
2025-06-14,3.7333333333333334,21.25,17.515822222222223
2025-06-15,3.7333333333333334,21.266666666666666,17.529180555555556
2025-06-16,3.7333333333333334,21.266666666666666,17.540255555555554
2025-06-17,3.7333333333333334,21.283333333333335,17.549116666666666
2025-06-18,3.7333333333333334,21.283333333333335,17.55578611111111
2025-06-19,3.7333333333333334,21.283333333333335,17.560272222222224
2025-06-20,3.7333333333333334,21.3,17.562583333333333
2025-06-21,3.7333333333333334,21.3,17.562730555555557
2025-06-22,3.7333333333333334,21.3,17.56073333333333
2025-06-23,3.75,21.3,17.556602777777776
2025-06-24,3.75,21.3,17.550358333333335
2025-06-25,3.75,21.3,17.542019444444442
2025-06-26,3.7666666666666666,21.3,17.53161111111111
2025-06-27,3.783333333333333,21.3,17.519155555555557
2025-06-28,3.783333333333333,21.3,17.504686111111113
2025-06-29,3.8,21.283333333333335,17.488219444444443
2025-06-30,3.8166666666666664,21.283333333333335,17.469791666666666
2025-07-01,3.8166666666666664,21.266666666666666,17.449436111111112
2025-07-02,3.8333333333333335,21.266666666666666,17.427180555555555
2025-07-03,3.85,21.25,17.403066666666668
2025-07-04,3.8666666666666667,21.25,17.377122222222223
2025-07-05,3.8833333333333333,21.233333333333334,17.34938888888889
2025-07-06,3.9,21.216666666666665,17.319869444444443
2025-07-07,3.9166666666666665,21.2,17.288294444444446
2025-07-08,3.9333333333333336,21.2,17.254661111111112
2025-07-09,3.95,21.183333333333334,17.219061111111113
2025-07-10,3.9833333333333334,21.166666666666668,17.181566666666665
2025-07-11,4.0,21.15,17.142269444444445
2025-07-12,4.016666666666667,21.116666666666667,17.10124722222222
2025-07-13,4.05,21.1,17.058580555555555
2025-07-14,4.066666666666666,21.083333333333332,17.01436111111111
2025-07-15,4.1,21.066666666666666,16.968658333333334
2025-07-16,4.116666666666666,21.033333333333335,16.921555555555557
2025-07-17,4.15,21.016666666666666,16.87312777777778
2025-07-18,4.166666666666667,21.0,16.82345833333333
2025-07-19,4.2,20.966666666666665,16.77261111111111
2025-07-20,4.216666666666667,20.95,16.720666666666666
2025-07-21,4.25,20.916666666666668,16.667691666666666
2025-07-22,4.283333333333333,20.9,16.613758333333333
2025-07-23,4.3,20.866666666666667,16.55892777777778
2025-07-24,4.333333333333333,20.833333333333332,16.50326666666667
2025-07-25,4.366666666666666,20.816666666666666,16.446844444444444
2025-07-26,4.4,20.783333333333335,16.389669444444444
2025-07-27,4.416666666666667,20.75,16.331269444444445
2025-07-28,4.45,20.716666666666665,16.271594444444442
2025-07-29,4.483333333333333,20.683333333333334,16.210744444444444
2025-07-30,4.516666666666667,20.65,16.148788888888888
2025-07-31,4.533333333333333,20.616666666666667,16.085822222222223
2025-08-01,4.566666666666666,20.583333333333332,16.021922222222223
2025-08-02,4.6,20.55,15.957175000000001
2025-08-03,4.633333333333333,20.516666666666666,15.891647222222222
2025-08-04,4.666666666666667,20.483333333333334,15.825419444444446
2025-08-05,4.7,20.45,15.758555555555557
2025-08-06,4.733333333333333,20.416666666666668,15.691133333333333
2025-08-07,4.766666666666667,20.383333333333333,15.623211111111111
2025-08-08,4.8,20.35,15.554858333333332
2025-08-09,4.833333333333333,20.3,15.48613611111111
2025-08-10,4.85,20.266666666666666,15.4171
2025-08-11,4.883333333333333,20.233333333333334,15.347811111111112
2025-08-12,4.916666666666667,20.2,15.278327777777779
2025-08-13,4.95,20.166666666666668,15.208697222222222
2025-08-14,4.983333333333333,20.116666666666667,15.138974999999999
2025-08-15,5.016666666666667,20.083333333333332,15.069161111111113
2025-08-16,5.05,20.05,14.998738888888889
2025-08-17,5.083333333333333,20.0,14.927627777777777
2025-08-18,5.116666666666666,19.966666666666665,14.855891666666666
2025-08-19,5.15,19.933333333333334,14.7836
2025-08-20,5.183333333333334,19.883333333333333,14.710802777777777
2025-08-21,5.216666666666667,19.85,14.637569444444445
2025-08-22,5.25,19.8,14.563952777777779
2025-08-23,5.283333333333333,19.766666666666666,14.490005555555555
2025-08-24,5.316666666666666,19.716666666666665,14.415783333333334
2025-08-25,5.333333333333333,19.683333333333334,14.341338888888888
2025-08-26,5.366666666666666,19.633333333333333,14.266725
2025-08-27,5.4,19.6,14.191983333333333
2025-08-28,5.433333333333334,19.55,14.117166666666668
2025-08-29,5.466666666666667,19.516666666666666,14.042319444444445
2025-08-30,5.5,19.466666666666665,13.96748611111111
2025-08-31,5.533333333333333,19.416666666666668,13.892711111111112
2025-09-01,5.566666666666666,19.383333333333333,13.81803888888889
2025-09-02,5.6,19.333333333333332,13.743508333333333
2025-09-03,5.633333333333333,19.3,13.669161111111112
2025-09-04,5.666666666666667,19.25,13.594988888888889
2025-09-05,5.7,19.216666666666665,13.52048888888889
2025-09-06,5.733333333333333,19.166666666666668,13.445569444444445
2025-09-07,5.766666666666667,19.133333333333333,13.370275
2025-09-08,5.8,19.083333333333332,13.294649999999999
2025-09-09,5.816666666666666,19.033333333333335,13.218747222222222
2025-09-10,5.85,19.0,13.142605555555555
2025-09-11,5.883333333333333,18.95,13.066269444444444
2025-09-12,5.916666666666667,18.9,12.989780555555555
2025-09-13,5.95,18.866666666666667,12.913186111111111
2025-09-14,5.983333333333333,18.816666666666666,12.836525
2025-09-15,6.016666666666667,18.766666666666666,12.759833333333333
2025-09-16,6.05,18.733333333333334,12.683158333333335
2025-09-17,6.083333333333333,18.683333333333334,12.606538888888888
2025-09-18,6.116666666666666,18.633333333333333,12.530011111111111
2025-09-19,6.15,18.6,12.453616666666665
2025-09-20,6.183333333333334,18.55,12.377394444444445
2025-09-21,6.216666666666667,18.516666666666666,12.30138611111111
2025-09-22,6.25,18.466666666666665,12.225627777777778
2025-09-23,6.283333333333333,18.416666666666668,12.150161111111112
2025-09-24,6.3,18.383333333333333,12.074972222222222
2025-09-25,6.333333333333333,18.333333333333332,11.999552777777778
2025-09-26,6.366666666666666,18.3,11.923794444444445
2025-09-27,6.4,18.25,11.847747222222223
2025-09-28,6.433333333333334,18.2,11.77145
2025-09-29,6.466666666666667,18.166666666666668,11.694947222222222
2025-09-30,6.5,18.116666666666667,11.61828611111111
2025-10-01,6.533333333333333,18.066666666666666,11.541508333333333
2025-10-02,6.566666666666666,18.033333333333335,11.464658333333333
2025-10-03,6.6,17.983333333333334,11.387780555555556
2025-10-04,6.633333333333333,17.95,11.310913888888889
2025-10-05,6.666666666666667,17.9,11.234111111111112
2025-10-06,6.7,17.85,11.157411111111111
2025-10-07,6.733333333333333,17.816666666666666,11.08086111111111
2025-10-08,6.766666666666667,17.766666666666666,11.004508333333334
2025-10-09,6.8,17.733333333333334,10.928402777777778
2025-10-10,6.833333333333333,17.683333333333334,10.852588888888889
2025-10-11,6.866666666666667,17.65,10.777116666666668
2025-10-12,6.9,17.6,10.702036111111111
2025-10-13,6.933333333333334,17.566666666666666,10.627402777777778
2025-10-14,6.966666666666667,17.516666666666666,10.553205555555556
2025-10-15,7.0,17.483333333333334,10.478872222222224
2025-10-16,7.033333333333333,17.433333333333334,10.404294444444444
2025-10-17,7.066666666666666,17.4,10.329522222222222
2025-10-18,7.1,17.35,10.25461111111111
2025-10-19,7.133333333333334,17.316666666666666,10.179611111111111
2025-10-20,7.166666666666667,17.283333333333335,10.104577777777779
2025-10-21,7.216666666666667,17.233333333333334,10.029572222222223
2025-10-22,7.25,17.2,9.954649999999999
2025-10-23,7.283333333333333,17.15,9.879872222222222
2025-10-24,7.316666666666666,17.116666666666667,9.805297222222222
2025-10-25,7.35,17.083333333333332,9.730988888888888
2025-10-26,7.383333333333334,17.033333333333335,9.65701111111111
2025-10-27,7.416666666666667,17.0,9.583433333333334
2025-10-28,7.45,16.966666666666665,9.510322222222223
2025-10-29,7.483333333333333,16.933333333333334,9.437744444444444
2025-10-30,7.516666666666667,16.883333333333333,9.365780555555554
2025-10-31,7.566666666666666,16.85,9.2945
2025-11-01,7.6,16.816666666666666,9.223983333333333
2025-11-02,7.633333333333333,16.783333333333335,9.154308333333335
2025-11-03,7.666666666666667,16.75,9.085494444444445
2025-11-04,7.7,16.716666666666665,9.016902777777778
2025-11-05,7.733333333333333,16.683333333333334,8.948422222222222
2025-11-06,7.766666666666667,16.65,8.88011388888889
2025-11-07,7.8,16.616666666666667,8.812050000000001
2025-11-08,7.833333333333333,16.583333333333332,8.744305555555556
2025-11-09,7.866666666666667,16.55,8.67695
2025-11-10,7.916666666666667,16.516666666666666,8.610063888888888
2025-11-11,7.95,16.483333333333334,8.543725
2025-11-12,7.983333333333333,16.45,8.478016666666667
2025-11-13,8.016666666666667,16.433333333333334,8.413025
2025-11-14,8.05,16.4,8.348838888888888
2025-11-15,8.083333333333334,16.366666666666667,8.285544444444444
2025-11-16,8.116666666666667,16.333333333333332,8.223241666666667
2025-11-17,8.15,16.316666666666666,8.162019444444445
2025-11-18,8.183333333333334,16.283333333333335,8.101983333333333
2025-11-19,8.216666666666667,16.266666666666666,8.043230555555557
2025-11-20,8.25,16.233333333333334,7.9858722222222225
2025-11-21,8.283333333333333,16.216666666666665,7.9300138888888885
2025-11-22,8.316666666666666,16.183333333333334,7.875763888888889
2025-11-23,8.35,16.166666666666668,7.8231722222222215
2025-11-24,8.366666666666667,16.15,7.771680555555555
2025-11-25,8.4,16.133333333333333,7.721191666666667
2025-11-26,8.433333333333334,16.1,7.671772222222223
2025-11-27,8.466666666666667,16.083333333333332,7.623497222222222
2025-11-28,8.5,16.066666666666666,7.576444444444444
2025-11-29,8.516666666666667,16.05,7.530688888888889
2025-11-30,8.55,16.033333333333335,7.486311111111111
2025-12-01,8.583333333333334,16.016666666666666,7.443391666666667
2025-12-02,8.6,16.016666666666666,7.402008333333333
2025-12-03,8.633333333333333,16.0,7.362244444444445
2025-12-04,8.666666666666666,15.983333333333333,7.324186111111111
2025-12-05,8.683333333333334,15.966666666666667,7.287916666666667
2025-12-06,8.716666666666667,15.966666666666667,7.253519444444444
2025-12-07,8.733333333333333,15.95,7.221080555555555
2025-12-08,8.75,15.95,7.190680555555556
2025-12-09,8.783333333333333,15.933333333333334,7.162411111111111
2025-12-10,8.8,15.933333333333334,7.13635
2025-12-11,8.816666666666666,15.933333333333334,7.112583333333333
2025-12-12,8.833333333333334,15.933333333333334,7.091197222222222
2025-12-13,8.85,15.933333333333334,7.072241666666667
2025-12-14,8.866666666666667,15.933333333333334,7.055494444444444
2025-12-15,8.883333333333333,15.933333333333334,7.040902777777778
2025-12-16,8.9,15.933333333333334,7.028474999999999
2025-12-17,8.916666666666666,15.933333333333334,7.018222222222222
2025-12-18,8.916666666666666,15.933333333333334,7.010152777777778
2025-12-19,8.933333333333334,15.933333333333334,7.004272222222222
2025-12-20,8.95,15.95,7.000583333333333
2025-12-21,8.95,15.95,6.999091666666667
2025-12-22,8.966666666666667,15.966666666666667,6.999788888888889
2025-12-23,8.966666666666667,15.966666666666667,7.002680555555556
2025-12-24,8.983333333333333,15.983333333333333,7.007758333333333
2025-12-25,8.983333333333333,16.0,7.015011111111112
2025-12-26,8.983333333333333,16.016666666666666,7.024436111111111
2025-12-27,8.983333333333333,16.033333333333335,7.036016666666667
2025-12-28,8.983333333333333,16.033333333333335,7.049741666666667
2025-12-29,8.983333333333333,16.05,7.065597222222222
2025-12-30,8.983333333333333,16.066666666666666,7.083563888888889
2025-12-31,8.983333333333333,16.1,7.1036222222222225
