date,day_type,note,source
2025-01-01,day_off,Новогодние каникулы,Постановление Правительства РФ № 1335 от 04.10.2024
2025-01-02,day_off,Новогодние каникулы,Постановление Правительства РФ № 1335 от 04.10.2024
2025-01-03,day_off,Новогодние каникулы,Постановление Правительства РФ № 1335 от 04.10.2024
2025-01-04,block_weekend,Новогодние каникулы,Постановление Правительства РФ № 1335 от 04.10.2024
2025-01-05,block_weekend,Новогодние каникулы,Постановление Правительства РФ № 1335 от 04.10.2024
2025-01-06,day_off,Новогодние каникулы,Постановление Правительства РФ № 1335 от 04.10.2024
2025-01-07,day_off,Рождество,Постановление Правительства РФ № 1335 от 04.10.2024
2025-01-08,day_off,Новогодние каникулы,Постановление Правительства РФ № 1335 от 04.10.2024
2025-03-07,preholiday,Сокращённый день,Постановление Правительства РФ № 1335 от 04.10.2024
2025-04-30,preholiday,Сокращённый день,Постановление Правительства РФ № 1335 от 04.10.2024
2025-05-01,day_off,Праздник Весны и Труда,Постановление Правительства РФ № 1335 от 04.10.2024
2025-05-02,day_off,Перенос с 04.01,Постановление Правительства РФ № 1335 от 04.10.2024
2025-05-03,block_weekend,,Постановление Правительства РФ № 1335 от 04.10.2024
2025-05-04,block_weekend,,Постановление Правительства РФ № 1335 от 04.10.2024
2025-05-08,day_off,Перенос с 23.02,Постановление Правительства РФ № 1335 от 04.10.2024
2025-05-09,day_off,День Победы,Постановление Правительства РФ № 1335 от 04.10.2024
2025-05-10,block_weekend,,Постановление Правительства РФ № 1335 от 04.10.2024
2025-05-11,block_weekend,,Постановление Правительства РФ № 1335 от 04.10.2024
2025-06-11,preholiday,Сокращённый день,Постановление Правительства РФ № 1335 от 04.10.2024
2025-06-12,day_off,День России,Постановление Правительства РФ № 1335 от 04.10.2024
2025-06-13,day_off,Перенос с 08.03,Постановление Правительства РФ № 1335 от 04.10.2024
2025-06-14,block_weekend,,Постановление Правительства РФ № 1335 от 04.10.2024
2025-06-15,block_weekend,,Постановление Правительства РФ № 1335 от 04.10.2024
2025-11-01,working_weekend,Рабочая суббота (перенос на 03.11); сокращённый день,Постановление Правительства РФ № 1335 от 04.10.2024
2025-11-02,block_weekend,,Постановление Правительства РФ № 1335 от 04.10.2024
2025-11-03,day_off,Перенос с 01.11,Постановление Правительства РФ № 1335 от 04.10.2024
2025-11-04,day_off,День народного единства,Постановление Правительства РФ № 1335 от 04.10.2024
2025-12-31,day_off,Перенос с 05.01,Постановление Правительства РФ № 1335 от 04.10.2024
2026-01-01,day_off,Новогодние каникулы,Постановление Правительства РФ № 1466 от 24.09.2025 + ТК РФ ст. 112
2026-01-02,day_off,Новогодние каникулы,Постановление Правительства РФ № 1466 от 24.09.2025 + ТК РФ ст. 112
2026-01-03,block_weekend,,Постановление Правительства РФ № 1466 от 24.09.2025 + ТК РФ ст. 112
2026-01-04,block_weekend,,Постановление Правительства РФ № 1466 от 24.09.2025 + ТК РФ ст. 112
2026-01-05,day_off,Новогодние каникулы,Постановление Правительства РФ № 1466 от 24.09.2025 + ТК РФ ст. 112
2026-01-06,day_off,Новогодние каникулы,Постановление Правительства РФ № 1466 от 24.09.2025 + ТК РФ ст. 112
2026-01-07,day_off,Рождество,Постановление Правительства РФ № 1466 от 24.09.2025 + ТК РФ ст. 112
2026-01-08,day_off,Новогодние каникулы,Постановление Правительства РФ № 1466 от 24.09.2025 + ТК РФ ст. 112
2026-01-09,day_off,Перенос с 03.01,Постановление Правительства РФ № 1466 от 24.09.2025 + ТК РФ ст. 112
2026-01-10,block_weekend,,Постановление Правительства РФ № 1466 от 24.09.2025 + ТК РФ ст. 112
2026-01-11,block_weekend,,Постановление Правительства РФ № 1466 от 24.09.2025 + ТК РФ ст. 112
2026-02-21,block_weekend,,Постановление Правительства РФ № 1466 от 24.09.2025 + ТК РФ ст. 112
2026-02-22,block_weekend,,Постановление Правительства РФ № 1466 от 24.09.2025 + ТК РФ ст. 112
2026-02-23,day_off,День защитника Отечества,Постановление Правительства РФ № 1466 от 24.09.2025 + ТК РФ ст. 112
2026-03-07,block_weekend,,Постановление Правительства РФ № 1466 от 24.09.2025 + ТК РФ ст. 112
2026-03-08,block_weekend,Международный женский день,Постановление Правительства РФ № 1466 от 24.09.2025 + ТК РФ ст. 112
2026-03-09,day_off,Перенос с 08.03 (ТК РФ ст. 112),Постановление Правительства РФ № 1466 от 24.09.2025 + ТК РФ ст. 112
2026-04-30,preholiday,Сокращённый день,Постановление Правительства РФ № 1466 от 24.09.2025 + ТК РФ ст. 112
2026-05-01,day_off,Праздник Весны и Труда,Постановление Правительства РФ № 1466 от 24.09.2025 + ТК РФ ст. 112
2026-05-02,block_weekend,,Постановление Правительства РФ № 1466 от 24.09.2025 + ТК РФ ст. 112
2026-05-03,block_weekend,,Постановление Правительства РФ № 1466 от 24.09.2025 + ТК РФ ст. 112
2026-05-08,preholiday,Сокращённый день,Постановление Правительства РФ № 1466 от 24.09.2025 + ТК РФ ст. 112
2026-05-09,block_weekend,День Победы,Постановление Правительства РФ № 1466 от 24.09.2025 + ТК РФ ст. 112
2026-05-10,block_weekend,,Постановление Правительства РФ № 1466 от 24.09.2025 + ТК РФ ст. 112
2026-05-11,day_off,Перенос с 09.05 (ТК РФ ст. 112),Постановление Правительства РФ № 1466 от 24.09.2025 + ТК РФ ст. 112
2026-06-11,preholiday,Сокращённый день,Постановление Правительства РФ № 1466 от 24.09.2025 + ТК РФ ст. 112
2026-06-12,day_off,День России,Постановление Правительства РФ № 1466 от 24.09.2025 + ТК РФ ст. 112
2026-06-13,block_weekend,,Постановление Правительства РФ № 1466 от 24.09.2025 + ТК РФ ст. 112
2026-06-14,block_weekend,,Постановление Правительства РФ № 1466 от 24.09.2025 + ТК РФ ст. 112
2026-11-03,preholiday,Сокращённый день,Постановление Правительства РФ № 1466 от 24.09.2025 + ТК РФ ст. 112
2026-11-04,day_off,День народного единства,Постановление Правительства РФ № 1466 от 24.09.2025 + ТК РФ ст. 112
2026-12-31,day_off,Перенос с 04.01,Постановление Правительства РФ № 1466 от 24.09.2025 + ТК РФ ст. 112
