disruption,event_type,source_route,target_route,n_days,raw_effect,effect_median,sign_share,noise_sd,placebo_p,published,reason,source
A: маршрут 50 не ходит по выходным (ремонт в Протопоповском переулке),FULL_CLOSURE,50,1,16,0.9404,0.9326,0.875,0.0596,0.0,False,|эффект−1|=0.067 ≤ 2.0×шум (0.060),https://newsvostok.ru/dlya-tramvaev-7-i-50-izmeneniya-po-vyhodnym-budut-dejstvovat-do-kontsa-oseni/
A: маршрут 50 не ходит по выходным (ремонт в Протопоповском переулке),FULL_CLOSURE,50,11,16,1.0696,1.044,0.812,0.0755,0.0013,False,|эффект−1|=0.044 ≤ 2.0×шум (0.075),https://newsvostok.ru/dlya-tramvaev-7-i-50-izmeneniya-po-vyhodnym-budut-dejstvovat-do-kontsa-oseni/
A: маршрут 50 не ходит по выходным (ремонт в Протопоповском переулке),FULL_CLOSURE,50,12,16,1.0645,1.0389,0.75,0.0589,0.0,False,знак неустойчив (75%); |эффект−1|=0.039 ≤ 2.0×шум (0.059),https://newsvostok.ru/dlya-tramvaev-7-i-50-izmeneniya-po-vyhodnym-budut-dejstvovat-do-kontsa-oseni/
A: маршрут 50 не ходит по выходным (ремонт в Протопоповском переулке),FULL_CLOSURE,50,17,16,1.0355,1.0095,0.625,0.0614,0.3468,False,знак неустойчив (62%); |эффект−1|=0.010 ≤ 2.0×шум (0.061); placebo p=0.347,https://newsvostok.ru/dlya-tramvaev-7-i-50-izmeneniya-po-vyhodnym-budut-dejstvovat-do-kontsa-oseni/
A: маршрут 50 не ходит по выходным (ремонт в Протопоповском переулке),FULL_CLOSURE,50,25,16,1.0567,1.0357,0.625,0.1097,0.2129,False,знак неустойчив (62%); |эффект−1|=0.036 ≤ 2.0×шум (0.110); placebo p=0.213,https://newsvostok.ru/dlya-tramvaev-7-i-50-izmeneniya-po-vyhodnym-budut-dejstvovat-do-kontsa-oseni/
A: маршрут 50 не ходит по выходным (ремонт в Протопоповском переулке),FULL_CLOSURE,50,26,16,1.0043,0.9636,0.75,0.0734,0.0176,False,знак неустойчив (75%); |эффект−1|=0.036 ≤ 2.0×шум (0.073),https://newsvostok.ru/dlya-tramvaev-7-i-50-izmeneniya-po-vyhodnym-budut-dejstvovat-do-kontsa-oseni/
A: маршрут 50 не ходит по выходным (ремонт в Протопоповском переулке),FULL_CLOSURE,50,28,16,1.0025,0.964,0.625,0.0826,0.0103,False,знак неустойчив (62%); |эффект−1|=0.036 ≤ 2.0×шум (0.083),https://newsvostok.ru/dlya-tramvaev-7-i-50-izmeneniya-po-vyhodnym-budut-dejstvovat-do-kontsa-oseni/
B: изменение участка маршрута 7 Красносельская — Белорусский вокзал,SHORTENING,7,1,32,0.9121,1.006,0.531,0.0492,0.4733,False,знак неустойчив (53%); |эффект−1|=0.006 ≤ 2.0×шум (0.049); placebo p=0.473,data: route 7 at ~40% of its level on weekdays 10.07–10.08.2025
B: изменение участка маршрута 7 Красносельская — Белорусский вокзал,SHORTENING,7,11,32,0.9497,1.0517,0.844,0.0606,0.0,False,|эффект−1|=0.052 ≤ 2.0×шум (0.061),data: route 7 at ~40% of its level on weekdays 10.07–10.08.2025
B: изменение участка маршрута 7 Красносельская — Белорусский вокзал,SHORTENING,7,12,32,0.9309,1.0395,0.688,0.0511,0.0,False,знак неустойчив (69%); |эффект−1|=0.040 ≤ 2.0×шум (0.051),data: route 7 at ~40% of its level on weekdays 10.07–10.08.2025
B: изменение участка маршрута 7 Красносельская — Белорусский вокзал,SHORTENING,7,17,32,0.8967,0.9993,0.5,0.0471,0.602,False,знак неустойчив (50%); |эффект−1|=0.001 ≤ 2.0×шум (0.047); placebo p=0.602,data: route 7 at ~40% of its level on weekdays 10.07–10.08.2025
B: изменение участка маршрута 7 Красносельская — Белорусский вокзал,SHORTENING,7,25,32,0.8677,0.942,0.812,0.0978,0.0,False,|эффект−1|=0.058 ≤ 2.0×шум (0.098),data: route 7 at ~40% of its level on weekdays 10.07–10.08.2025
B: изменение участка маршрута 7 Красносельская — Белорусский вокзал,SHORTENING,7,26,32,0.9086,0.9974,0.5,0.0715,0.8073,False,знак неустойчив (50%); |эффект−1|=0.003 ≤ 2.0×шум (0.072); placebo p=0.807,data: route 7 at ~40% of its level on weekdays 10.07–10.08.2025
B: изменение участка маршрута 7 Красносельская — Белорусский вокзал,SHORTENING,7,28,32,0.854,0.9439,0.688,0.1008,0.0,False,знак неустойчив (69%); |эффект−1|=0.056 ≤ 2.0×шум (0.101),data: route 7 at ~40% of its level on weekdays 10.07–10.08.2025
B: изменение участка маршрута 7 Красносельская — Белорусский вокзал,SHORTENING,7,50,32,1.2554,1.4046,1.0,0.1233,0.0,False,"смешивающий фактор: маршруты 50 и 13 объединены на время ремонта (июль 2025, uv-kurier.ru/2025/07/08): рост 50 нельзя отделить от удлинения самого маршрута",data: route 7 at ~40% of its level on weekdays 10.07–10.08.2025
C: маршрут 17 не работал в выходные апреля (1–13% обычного объёма),FULL_CLOSURE,17,1,4,0.9729,0.9622,0.75,0.0458,0.0548,False,знак неустойчив (75%); |эффект−1|=0.038 ≤ 2.0×шум (0.046); placebo p=0.055,data: route 17 carried 1–13% of its usual weekend volume on 12–13 and 26–27.04.2025
C: маршрут 17 не работал в выходные апреля (1–13% обычного объёма),FULL_CLOSURE,17,7,4,0.9317,0.8761,1.0,0.0899,0.0,False,|эффект−1|=0.124 ≤ 2.0×шум (0.090),data: route 17 carried 1–13% of its usual weekend volume on 12–13 and 26–27.04.2025
C: маршрут 17 не работал в выходные апреля (1–13% обычного объёма),FULL_CLOSURE,17,11,4,1.1058,1.1079,1.0,0.0425,0.0,True,устойчивый эффект,data: route 17 carried 1–13% of its usual weekend volume on 12–13 and 26–27.04.2025
C: маршрут 17 не работал в выходные апреля (1–13% обычного объёма),FULL_CLOSURE,17,12,4,1.0273,1.0277,1.0,0.0568,0.3589,False,|эффект−1|=0.028 ≤ 2.0×шум (0.057); placebo p=0.359,data: route 17 carried 1–13% of its usual weekend volume on 12–13 and 26–27.04.2025
C: маршрут 17 не работал в выходные апреля (1–13% обычного объёма),FULL_CLOSURE,17,25,4,1.1944,1.2013,1.0,0.1087,0.0,False,|эффект−1|=0.201 ≤ 2.0×шум (0.109),data: route 17 carried 1–13% of its usual weekend volume on 12–13 and 26–27.04.2025
C: маршрут 17 не работал в выходные апреля (1–13% обычного объёма),FULL_CLOSURE,17,26,4,0.9613,0.9388,1.0,0.0605,0.033,False,|эффект−1|=0.061 ≤ 2.0×шум (0.060),data: route 17 carried 1–13% of its usual weekend volume on 12–13 and 26–27.04.2025
C: маршрут 17 не работал в выходные апреля (1–13% обычного объёма),FULL_CLOSURE,17,28,4,0.9694,0.9392,1.0,0.0879,0.0935,False,|эффект−1|=0.061 ≤ 2.0×шум (0.088); placebo p=0.094,data: route 17 carried 1–13% of its usual weekend volume on 12–13 and 26–27.04.2025
C: маршрут 17 не работал в выходные апреля (1–13% обычного объёма),FULL_CLOSURE,17,50,4,1.0724,1.036,0.75,0.0739,0.4026,False,знак неустойчив (75%); |эффект−1|=0.036 ≤ 2.0×шум (0.074); placebo p=0.403,data: route 17 carried 1–13% of its usual weekend volume on 12–13 and 26–27.04.2025
